code,system
37617,gprdproduct
11604,gprdproduct
5227,gprdproduct
7375,gprdproduct
11717,gprdproduct
469,gprdproduct
11609,gprdproduct
11610,gprdproduct
11601,gprdproduct
5276,gprdproduct
62014,gprdproduct
40365,gprdproduct
56376,gprdproduct
5316,gprdproduct
6337,gprdproduct
61311,gprdproduct
5353,gprdproduct
54442,gprdproduct
39729,gprdproduct
11760,gprdproduct
735,gprdproduct
11737,gprdproduct
7744,gprdproduct
48533,gprdproduct
63031,gprdproduct
65057,gprdproduct
34802,gprdproduct
54265,gprdproduct
56965,gprdproduct
41204,gprdproduct
52449,gprdproduct
34676,gprdproduct
17706,gprdproduct
31474,gprdproduct
64217,gprdproduct
41593,gprdproduct
2219,gprdproduct
4862,gprdproduct
5636,gprdproduct
57601,gprdproduct
41558,gprdproduct
60643,gprdproduct
60682,gprdproduct
12513,gprdproduct
54973,gprdproduct
60012,gprdproduct
34563,gprdproduct
1254,gprdproduct
62326,gprdproduct
21424,gprdproduct
25636,gprdproduct
17698,gprdproduct
46716,gprdproduct
52445,gprdproduct
54480,gprdproduct
41559,gprdproduct
54891,gprdproduct
547,gprdproduct
34507,gprdproduct
46665,gprdproduct
58865,gprdproduct
65083,gprdproduct
34706,gprdproduct
7912,gprdproduct
50124,gprdproduct
45775,gprdproduct
29326,gprdproduct
65059,gprdproduct
21832,gprdproduct
31146,gprdproduct
44250,gprdproduct
63307,gprdproduct
55862,gprdproduct
58051,gprdproduct
26258,gprdproduct
25678,gprdproduct
40110,gprdproduct
40007,gprdproduct
39988,gprdproduct
40233,gprdproduct
54764,gprdproduct
17343,gprdproduct
21892,gprdproduct
5989,gprdproduct
63048,gprdproduct
21564,gprdproduct
34399,gprdproduct
31212,gprdproduct
47074,gprdproduct
56008,gprdproduct
45215,gprdproduct
32,gprdproduct
60495,gprdproduct
42790,gprdproduct
29939,gprdproduct
33562,gprdproduct
34932,gprdproduct
36856,gprdproduct
27125,gprdproduct
51955,gprdproduct
48056,gprdproduct
46469,gprdproduct
62661,gprdproduct
64622,gprdproduct
39598,gprdproduct
51135,gprdproduct
62144,gprdproduct
5627,gprdproduct
56437,gprdproduct
63131,gprdproduct
60968,gprdproduct
53288,gprdproduct
60074,gprdproduct
62265,gprdproduct
49738,gprdproduct
7048,gprdproduct
62824,gprdproduct
57830,gprdproduct
53478,gprdproduct
7332,gprdproduct
7284,gprdproduct
7409,gprdproduct
11284,gprdproduct
43465,gprdproduct
20287,gprdproduct
52203,gprdproduct
44738,gprdproduct
19472,gprdproduct
62034,gprdproduct
45831,gprdproduct
20889,gprdproduct
64900,gprdproduct
44473,gprdproduct
54898,gprdproduct
62605,gprdproduct
34020,gprdproduct
50821,gprdproduct
33674,gprdproduct
93,gprdproduct
34742,gprdproduct
34697,gprdproduct
34836,gprdproduct
63045,gprdproduct
31077,gprdproduct
60379,gprdproduct
60066,gprdproduct
60430,gprdproduct
16211,gprdproduct
45581,gprdproduct
16213,gprdproduct
46989,gprdproduct
51080,gprdproduct
53774,gprdproduct
2928,gprdproduct
9108,gprdproduct
22636,gprdproduct
7815,gprdproduct
59385,gprdproduct
35462,gprdproduct
36774,gprdproduct
35561,gprdproduct
36948,gprdproduct
38551,gprdproduct
43619,gprdproduct
50087,gprdproduct
39203,gprdproduct
63929,gprdproduct
48401,gprdproduct
38400,gprdproduct
37874,gprdproduct
38355,gprdproduct
11946,gprdproduct
37902,gprdproduct
39149,gprdproduct
43684,gprdproduct
64743,gprdproduct
37875,gprdproduct
34323,gprdproduct
55711,gprdproduct
48149,gprdproduct
44304,gprdproduct
51527,gprdproduct
23,gprdproduct
33087,gprdproduct
34504,gprdproduct
55270,gprdproduct
52442,gprdproduct
34004,gprdproduct
34598,gprdproduct
53867,gprdproduct
34917,gprdproduct
57457,gprdproduct
52221,gprdproduct
50970,gprdproduct
34135,gprdproduct
12455,gprdproduct
55739,gprdproduct
9748,gprdproduct
9707,gprdproduct
55728,gprdproduct
35251,gprdproduct
35150,gprdproduct
9865,gprdproduct
35149,gprdproduct
11316,gprdproduct
55767,gprdproduct
55729,gprdproduct
35144,gprdproduct
61925,gprdproduct
40642,gprdproduct
62899,gprdproduct
15374,gprdproduct
60286,gprdproduct
60681,gprdproduct
43270,gprdproduct
58607,gprdproduct
11990,gprdproduct
58882,gprdproduct
5678,gprdproduct
48120,gprdproduct
9662,gprdproduct
15232,gprdproduct
52634,gprdproduct
59620,gprdproduct
16044,gprdproduct
7166,gprdproduct
50570,gprdproduct
7610,gprdproduct
49502,gprdproduct
46927,gprdproduct
1965,gprdproduct
33673,gprdproduct
34957,gprdproduct
61559,gprdproduct
61043,gprdproduct
14164,gprdproduct
17580,gprdproduct
7325,gprdproduct
6855,gprdproduct
64939,gprdproduct
47939,gprdproduct
54203,gprdproduct
63516,gprdproduct
62426,gprdproduct
9699,gprdproduct
63421,gprdproduct
56208,gprdproduct
18220,gprdproduct
48139,gprdproduct
548,gprdproduct
63046,gprdproduct
30316,gprdproduct
63107,gprdproduct
57659,gprdproduct
10051,gprdproduct
40425,gprdproduct
47894,gprdproduct
61957,gprdproduct
43065,gprdproduct
65066,gprdproduct
54182,gprdproduct
1964,gprdproduct
11695,gprdproduct
30460,gprdproduct
28708,gprdproduct
40693,gprdproduct
11321,gprdproduct
11366,gprdproduct
26218,gprdproduct
16602,gprdproduct
11483,gprdproduct
39560,gprdproduct
57147,gprdproduct
59809,gprdproduct
60497,gprdproduct
27501,gprdproduct
42161,gprdproduct
8976,gprdproduct
13331,gprdproduct
54150,gprdproduct
50682,gprdproduct
62760,gprdproduct
23945,gprdproduct
15955,gprdproduct
20810,gprdproduct
35022,gprdproduct
3252,gprdproduct
60211,gprdproduct
46458,gprdproduct
45821,gprdproduct
41431,gprdproduct
41898,gprdproduct